<?xml version="1.0" encoding="UTF-8"?>
<project-private xmlns="http://www.netbeans.org/ns/project-private/1">
    <editor-bookmarks xmlns="http://www.netbeans.org/ns/editor-bookmarks/1"/>
    <editor-bookmarks xmlns="http://www.netbeans.org/ns/editor-bookmarks/2" lastBookmarkId="0"/>
    <open-files xmlns="http://www.netbeans.org/ns/projectui-open-files/2">
        <group>
            <file>file:/C:/USP/POO/projeto/project_POO-main-5/PrototipoProjetoPOO2025/src/Controler/ControleDeJogo.java</file>
            <file>file:/C:/USP/POO/projeto/project_POO-main-5/PrototipoProjetoPOO2025/src/Controler/Tela.java</file>
            <file>file:/C:/USP/POO/projeto/project_POO-main-5/PrototipoProjetoPOO2025/src/Controler/Fase.java</file>
            <file>file:/C:/USP/POO/projeto/project_POO-main-5/PrototipoProjetoPOO2025/src/Auxiliar/Posicao.java</file>
            <file>file:/C:/USP/POO/projeto/project_POO-main-5/PrototipoProjetoPOO2025/src/Auxiliar/Desenho.java</file>
            <file>file:/C:/USP/POO/projeto/project_POO-main-5/PrototipoProjetoPOO2025/src/Controler/Fase1.java</file>
            <file>file:/C:/USP/POO/projeto/project_POO-main-5/PrototipoProjetoPOO2025/src/Modelo/Espada.java</file>
            <file>file:/C:/USP/POO/projeto/project_POO-main-5/PrototipoProjetoPOO2025/src/Controler/Fase2.java</file>
            <file>file:/C:/USP/POO/projeto/project_POO-main-5/PrototipoProjetoPOO2025/src/Controler/HUD.java</file>
            <file>file:/C:/USP/POO/projeto/project_POO-main-5/PrototipoProjetoPOO2025/src/Controler/GerenciadorDeFases.java</file>
            <file>file:/C:/USP/POO/projeto/project_POO-main-5/PrototipoProjetoPOO2025/src/Modelo/Cadeado.java</file>
            <file>file:/C:/USP/POO/projeto/project_POO-main-5/PrototipoProjetoPOO2025/src/Auxiliar/Consts.java</file>
            <file>file:/C:/USP/POO/projeto/project_POO-main-5/PrototipoProjetoPOO2025/src/Modelo/Bomba.java</file>
            <file>file:/C:/USP/POO/projeto/project_POO-main-5/PrototipoProjetoPOO2025/src/Modelo/Perseguidor.java</file>
            <file>file:/C:/USP/POO/projeto/project_POO-main-5/PrototipoProjetoPOO2025/src/Modelo/Personagem.java</file>
            <file>file:/C:/USP/POO/projeto/project_POO-main-5/PrototipoProjetoPOO2025/src/Modelo/MonstroBarreira.java</file>
            <file>file:/C:/USP/POO/projeto/project_POO-main-5/PrototipoProjetoPOO2025/src/Modelo/Monstro.java</file>
            <file>file:/C:/USP/POO/projeto/project_POO-main-5/PrototipoProjetoPOO2025/src/Modelo/Parede.java</file>
            <file>file:/C:/USP/POO/projeto/project_POO-main-5/PrototipoProjetoPOO2025/src/Modelo/ZigueZague.java</file>
            <file>file:/C:/USP/POO/projeto/project_POO-main-5/PrototipoProjetoPOO2025/src/Modelo/Hero.java</file>
            <file>file:/C:/USP/POO/projeto/project_POO-main-5/PrototipoProjetoPOO2025/src/Modelo/Fogo.java</file>
            <file>file:/C:/USP/POO/projeto/project_POO-main-5/PrototipoProjetoPOO2025/src/Modelo/Coracao.java</file>
            <file>file:/C:/USP/POO/projeto/project_POO-main-5/PrototipoProjetoPOO2025/src/Modelo/Caveira.java</file>
            <file>file:/C:/USP/POO/projeto/project_POO-main-5/PrototipoProjetoPOO2025/src/Modelo/BichinhoVaiVemHorizontal.java</file>
            <file>file:/C:/USP/POO/projeto/project_POO-main-5/PrototipoProjetoPOO2025/src/Modelo/ArmaFogoEmVolta.java</file>
            <file>file:/C:/USP/POO/projeto/project_POO-main-5/PrototipoProjetoPOO2025/src/Modelo/BichinhoVaiVemVertical.java</file>
        </group>
    </open-files>
</project-private>
